-- ========================================
-- BangBuy è³‡æ–™åº«å®Œæ•´è¨­ç½®è…³æœ¬
-- ========================================
-- ä½¿ç”¨èªªæ˜Žï¼š
-- 1. ç™»å…¥ Supabase Dashboard (https://app.supabase.com)
-- 2. é¸æ“‡ä½ çš„å°ˆæ¡ˆ
-- 3. é»žæ“Šå·¦å´ "SQL Editor"
-- 4. é»žæ“Š "New query"
-- 5. è¤‡è£½æ­¤æª”æ¡ˆçš„å…¨éƒ¨å…§å®¹è²¼ä¸Š
-- 6. é»žæ“Š "Run" åŸ·è¡Œ
-- 7. åˆ·æ–°ä½ çš„ç¶²é ï¼Œè¨±é¡˜å–®å°±æœƒé¡¯ç¤ºï¼
-- ========================================

-- æ¸…ç†èˆŠè³‡æ–™ï¼ˆå¦‚æžœå­˜åœ¨ï¼‰
DROP TABLE IF EXISTS reviews CASCADE;
DROP TABLE IF EXISTS orders CASCADE;
DROP TABLE IF EXISTS favorites CASCADE;
DROP TABLE IF EXISTS messages CASCADE;
DROP TABLE IF EXISTS trips CASCADE;
DROP TABLE IF EXISTS wish_requests CASCADE;
DROP TABLE IF EXISTS profiles CASCADE;

-- ========================================
-- 1. å‰µå»º profiles è¡¨æ ¼ï¼ˆç”¨æˆ¶è³‡æ–™ï¼‰
-- ========================================
CREATE TABLE profiles (
  id UUID PRIMARY KEY DEFAULT gen_random_uuid(),
  name TEXT NOT NULL,
  email TEXT,
  avatar_url TEXT,
  bio TEXT,
  verification_status TEXT DEFAULT 'unverified',
  rating_avg NUMERIC DEFAULT 0,
  rating_count INTEGER DEFAULT 0,
  created_at TIMESTAMP WITH TIME ZONE DEFAULT NOW(),
  updated_at TIMESTAMP WITH TIME ZONE DEFAULT NOW()
);

-- ========================================
-- 2. å‰µå»º wish_requests è¡¨æ ¼ï¼ˆè¨±é¡˜å–®ï¼‰
-- ========================================
CREATE TABLE wish_requests (
  id UUID PRIMARY KEY DEFAULT gen_random_uuid(),
  buyer_id UUID REFERENCES profiles(id) ON DELETE CASCADE,
  title TEXT NOT NULL,
  description TEXT,
  target_country TEXT NOT NULL,
  budget NUMERIC NOT NULL,
  images TEXT[],
  status TEXT DEFAULT 'open',
  expires_at TIMESTAMP WITH TIME ZONE,
  created_at TIMESTAMP WITH TIME ZONE DEFAULT NOW(),
  updated_at TIMESTAMP WITH TIME ZONE DEFAULT NOW()
);

-- å‰µå»ºç´¢å¼•ä»¥æé«˜æŸ¥è©¢æ•ˆèƒ½
CREATE INDEX idx_wish_requests_status ON wish_requests(status);
CREATE INDEX idx_wish_requests_buyer ON wish_requests(buyer_id);
CREATE INDEX idx_wish_requests_created ON wish_requests(created_at DESC);

-- ========================================
-- 3. å‰µå»º trips è¡¨æ ¼ï¼ˆä»£è³¼è¡Œç¨‹ï¼‰
-- ========================================
CREATE TABLE trips (
  id UUID PRIMARY KEY DEFAULT gen_random_uuid(),
  shopper_id UUID REFERENCES profiles(id) ON DELETE CASCADE,
  shopper_name TEXT,
  destination TEXT NOT NULL,
  date DATE NOT NULL,
  description TEXT,
  capacity INTEGER DEFAULT 5,
  status TEXT DEFAULT 'active',
  created_at TIMESTAMP WITH TIME ZONE DEFAULT NOW(),
  updated_at TIMESTAMP WITH TIME ZONE DEFAULT NOW()
);

-- å‰µå»ºç´¢å¼•
CREATE INDEX idx_trips_shopper ON trips(shopper_id);
CREATE INDEX idx_trips_date ON trips(date);
CREATE INDEX idx_trips_status ON trips(status);

-- ========================================
-- 4. å‰µå»º orders è¡¨æ ¼ï¼ˆè¨‚å–®ï¼‰
-- ========================================
CREATE TABLE orders (
  id UUID PRIMARY KEY DEFAULT gen_random_uuid(),
  wish_id UUID REFERENCES wish_requests(id) ON DELETE CASCADE,
  shopper_id UUID REFERENCES profiles(id) ON DELETE CASCADE,
  buyer_id UUID REFERENCES profiles(id) ON DELETE CASCADE,
  price NUMERIC NOT NULL,
  status TEXT DEFAULT 'pending',
  created_at TIMESTAMP WITH TIME ZONE DEFAULT NOW(),
  completed_at TIMESTAMP WITH TIME ZONE,
  updated_at TIMESTAMP WITH TIME ZONE DEFAULT NOW()
);

-- å‰µå»ºç´¢å¼•
CREATE INDEX idx_orders_shopper ON orders(shopper_id);
CREATE INDEX idx_orders_buyer ON orders(buyer_id);
CREATE INDEX idx_orders_status ON orders(status);

-- ========================================
-- 5. å‰µå»º reviews è¡¨æ ¼ï¼ˆè©•åƒ¹ï¼‰
-- ========================================
CREATE TABLE reviews (
  id UUID PRIMARY KEY DEFAULT gen_random_uuid(),
  order_id UUID REFERENCES orders(id) ON DELETE CASCADE,
  reviewer_id UUID REFERENCES profiles(id) ON DELETE CASCADE,
  target_id UUID REFERENCES profiles(id) ON DELETE CASCADE,
  rating INTEGER NOT NULL CHECK (rating >= 1 AND rating <= 5),
  comment TEXT,
  created_at TIMESTAMP WITH TIME ZONE DEFAULT NOW()
);

-- å‰µå»ºç´¢å¼•
CREATE INDEX idx_reviews_target ON reviews(target_id);
CREATE INDEX idx_reviews_reviewer ON reviews(reviewer_id);

-- ========================================
-- 6. å‰µå»º favorites è¡¨æ ¼ï¼ˆæ”¶è—ï¼‰
-- ========================================
CREATE TABLE favorites (
  id UUID PRIMARY KEY DEFAULT gen_random_uuid(),
  user_id UUID REFERENCES profiles(id) ON DELETE CASCADE,
  wish_id UUID REFERENCES wish_requests(id) ON DELETE CASCADE,
  created_at TIMESTAMP WITH TIME ZONE DEFAULT NOW(),
  UNIQUE(user_id, wish_id)
);

-- å‰µå»ºç´¢å¼•
CREATE INDEX idx_favorites_user ON favorites(user_id);
CREATE INDEX idx_favorites_wish ON favorites(wish_id);

-- ========================================
-- 7. å‰µå»º messages è¡¨æ ¼ï¼ˆèŠå¤©è¨Šæ¯ï¼‰
-- ========================================
CREATE TABLE messages (
  id UUID PRIMARY KEY DEFAULT gen_random_uuid(),
  sender_id UUID REFERENCES profiles(id) ON DELETE CASCADE,
  receiver_id UUID REFERENCES profiles(id) ON DELETE CASCADE,
  content TEXT NOT NULL,
  is_read BOOLEAN DEFAULT FALSE,
  created_at TIMESTAMP WITH TIME ZONE DEFAULT NOW()
);

-- å‰µå»ºç´¢å¼•
CREATE INDEX idx_messages_sender ON messages(sender_id);
CREATE INDEX idx_messages_receiver ON messages(receiver_id);
CREATE INDEX idx_messages_created ON messages(created_at DESC);

-- ========================================
-- 8. è¨­å®š Row Level Security (RLS) æ”¿ç­–
-- ========================================

-- å•Ÿç”¨ RLS
ALTER TABLE profiles ENABLE ROW LEVEL SECURITY;
ALTER TABLE wish_requests ENABLE ROW LEVEL SECURITY;
ALTER TABLE trips ENABLE ROW LEVEL SECURITY;
ALTER TABLE orders ENABLE ROW LEVEL SECURITY;
ALTER TABLE reviews ENABLE ROW LEVEL SECURITY;
ALTER TABLE favorites ENABLE ROW LEVEL SECURITY;
ALTER TABLE messages ENABLE ROW LEVEL SECURITY;

-- profiles: å…è¨±æ‰€æœ‰äººè®€å–
CREATE POLICY "Allow public read access to profiles"
  ON profiles FOR SELECT
  USING (true);

-- wish_requests: å…è¨±è®€å– open ç‹€æ…‹çš„è¨±é¡˜å–®
CREATE POLICY "Allow public read access to open wishes"
  ON wish_requests FOR SELECT
  USING (status = 'open');

-- trips: å…è¨±æ‰€æœ‰äººè®€å–
CREATE POLICY "Allow public read access to trips"
  ON trips FOR SELECT
  USING (true);

-- orders: å…è¨±ç›¸é—œç”¨æˆ¶è®€å–
CREATE POLICY "Allow users to read their own orders"
  ON orders FOR SELECT
  USING (auth.uid() = shopper_id OR auth.uid() = buyer_id);

-- reviews: å…è¨±æ‰€æœ‰äººè®€å–
CREATE POLICY "Allow public read access to reviews"
  ON reviews FOR SELECT
  USING (true);

-- favorites: å…è¨±ç”¨æˆ¶è®€å–å’Œç®¡ç†è‡ªå·±çš„æ”¶è—
CREATE POLICY "Allow users to manage their favorites"
  ON favorites FOR ALL
  USING (auth.uid() = user_id);

-- messages: åªå…è¨±ç›¸é—œç”¨æˆ¶è®€å–
CREATE POLICY "Allow users to read their messages"
  ON messages FOR SELECT
  USING (auth.uid() = sender_id OR auth.uid() = receiver_id);

-- ========================================
-- 9. æ’å…¥æ¸¬è©¦è³‡æ–™
-- ========================================

-- æ’å…¥æ¸¬è©¦ç”¨æˆ¶
INSERT INTO profiles (id, name, email, avatar_url, bio, verification_status, rating_avg, rating_count) VALUES
  ('a0000000-0000-0000-0000-000000000001', 'å°æ˜Ž', 'ming@example.com', 'https://i.pravatar.cc/150?img=12', 'ç†±æ„›æ—…éŠçš„ç•™å­¸ç”Ÿï¼Œå¸¸å¾€è¿”å°æ—¥ä¹‹é–“', 'verified', 4.8, 15),
  ('a0000000-0000-0000-0000-000000000002', 'å°ç¾Ž', 'mei@example.com', 'https://i.pravatar.cc/150?img=5', 'åœ¨ç¾Žåœ‹è®€æ›¸ï¼Œå¯ä»¥å¹«å¿™ä»£è³¼', 'verified', 4.9, 23),
  ('a0000000-0000-0000-0000-000000000003', 'é˜¿å‚‘', 'jay@example.com', 'https://i.pravatar.cc/150?img=33', 'éŸ“åœ‹ç•™å­¸ç”Ÿï¼Œå–œæ­¡å¹«æœ‹å‹è²·æ±è¥¿', 'verified', 4.7, 8),
  ('a0000000-0000-0000-0000-000000000004', 'èŽ‰èŽ‰', 'lily@example.com', 'https://i.pravatar.cc/150?img=9', 'è‹±åœ‹ç•™å­¸ï¼Œç¶“å¸¸å›žå°ç£', 'unverified', 0, 0),
  ('a0000000-0000-0000-0000-000000000005', 'å¤§ç†Š', 'bear@example.com', 'https://i.pravatar.cc/150?img=52', 'å–œæ­¡æ—¥æœ¬é›¶é£Ÿçš„è²·å®¶', 'unverified', 0, 0);

-- æ’å…¥æ¸¬è©¦è¨±é¡˜å–®
INSERT INTO wish_requests (id, buyer_id, title, description, target_country, budget, images, status, created_at) VALUES
  (
    'b0000000-0000-0000-0000-000000000001',
    'a0000000-0000-0000-0000-000000000005',
    'æ—¥æœ¬åŒ—æµ·é“ç™½è‰²æˆ€äººå·§å…‹åŠ›',
    'æƒ³è¦ç¶“å…¸çš„ç™½è‰²æˆ€äººå·§å…‹åŠ›ç¦®ç›’ï¼Œå¤§ç›’è£æœ€å¥½ï¼è¬è¬ï½ž',
    'JP',
    800,
    ARRAY['https://images.unsplash.com/photo-1511911063855-2bf39afa5b2e?w=400'],
    'open',
    NOW() - INTERVAL '2 days'
  ),
  (
    'b0000000-0000-0000-0000-000000000002',
    'a0000000-0000-0000-0000-000000000005',
    'éŸ“åœ‹ Innisfree é¢è†œçµ„åˆ',
    'æƒ³è¦ Innisfree çš„ç¶ èŒ¶é¢è†œï¼Œè‡³å°‘ 10 ç‰‡ä»¥ä¸Š',
    'KR',
    500,
    ARRAY['https://images.unsplash.com/photo-1556228720-195a672e8a03?w=400'],
    'open',
    NOW() - INTERVAL '1 day'
  ),
  (
    'b0000000-0000-0000-0000-000000000003',
    'a0000000-0000-0000-0000-000000000004',
    'ç¾Žåœ‹ Nike Air Force 1',
    'æƒ³è¦ç™½è‰²çš„ Nike Air Force 1ï¼ŒUS 9.5 è™Ÿ',
    'US',
    3500,
    ARRAY['https://images.unsplash.com/photo-1600185365926-3a2ce3cdb9eb?w=400'],
    'open',
    NOW() - INTERVAL '3 hours'
  ),
  (
    'b0000000-0000-0000-0000-000000000004',
    'a0000000-0000-0000-0000-000000000003',
    'è‹±åœ‹ Jo Malone é¦™æ°´',
    'æƒ³è¦ Jo Malone çš„è‹±åœ‹æ¢¨èˆ‡å°è’¼è˜­é¦™æ°´ 100ml',
    'UK',
    2800,
    ARRAY['https://images.unsplash.com/photo-1541643600914-78b084683601?w=400'],
    'open',
    NOW() - INTERVAL '5 hours'
  ),
  (
    'b0000000-0000-0000-0000-000000000005',
    'a0000000-0000-0000-0000-000000000005',
    'æ—¥æœ¬ä¸€è˜­æ‹‰éºµæ³¡éºµ',
    'æƒ³è¦ä¸€è˜­æ‹‰éºµçš„æ³¡éºµç‰ˆæœ¬ï¼Œ5 åŒ…ä»¥ä¸Š',
    'JP',
    600,
    ARRAY['https://images.unsplash.com/photo-1569718212165-3a8278d5f624?w=400'],
    'open',
    NOW() - INTERVAL '12 hours'
  ),
  (
    'b0000000-0000-0000-0000-000000000006',
    'a0000000-0000-0000-0000-000000000004',
    'éŸ“åœ‹ CU ä¾¿åˆ©å•†åº—é™å®šé›¶é£Ÿçµ„åˆ',
    'æƒ³è¦éŸ“åœ‹ CU ä¾¿åˆ©å•†åº—çš„é™å®šé›¶é£Ÿï¼Œå„ç¨®å£å‘³éƒ½å¯ä»¥',
    'KR',
    1000,
    ARRAY['https://images.unsplash.com/photo-1621939514649-280e2ee25f60?w=400'],
    'open',
    NOW() - INTERVAL '8 hours'
  );

-- æ’å…¥æ¸¬è©¦è¡Œç¨‹
INSERT INTO trips (id, shopper_id, shopper_name, destination, date, description, capacity, status, created_at) VALUES
  (
    'c0000000-0000-0000-0000-000000000001',
    'a0000000-0000-0000-0000-000000000001',
    'å°æ˜Ž',
    'ðŸ‡¯ðŸ‡µ æ—¥æœ¬æ±äº¬',
    CURRENT_DATE + INTERVAL '7 days',
    'ä¸‹é€±è¦åŽ»æ±äº¬æ—…éŠï¼Œå¯ä»¥å¹«å¿™å¸¶æ±è¥¿ï¼è—¥å¦ã€é›¶é£Ÿã€æœé£¾éƒ½å¯ä»¥ï½ž',
    5,
    'active',
    NOW() - INTERVAL '1 day'
  ),
  (
    'c0000000-0000-0000-0000-000000000002',
    'a0000000-0000-0000-0000-000000000002',
    'å°ç¾Ž',
    'ðŸ‡ºðŸ‡¸ ç¾Žåœ‹æ´›æ‰ç£¯',
    CURRENT_DATE + INTERVAL '14 days',
    'å…©é€±å¾Œå›žå°ç£ï¼Œå¯ä»¥å¹«å¿™å¾žç¾Žåœ‹å¸¶æ±è¥¿ï¼Œé‹å‹•ç”¨å“ã€ä¿å¥å“éƒ½ OK',
    3,
    'active',
    NOW() - INTERVAL '2 days'
  ),
  (
    'c0000000-0000-0000-0000-000000000003',
    'a0000000-0000-0000-0000-000000000003',
    'é˜¿å‚‘',
    'ðŸ‡°ðŸ‡· éŸ“åœ‹é¦–çˆ¾',
    CURRENT_DATE + INTERVAL '5 days',
    'é€™é€±æœ«åŽ»é¦–çˆ¾è³¼ç‰©ï¼Œå¯ä»¥å¹«å¿™å¸¶ç¾Žå¦ã€æœé£¾ã€é›¶é£Ÿ',
    4,
    'active',
    NOW() - INTERVAL '6 hours'
  ),
  (
    'c0000000-0000-0000-0000-000000000004',
    'a0000000-0000-0000-0000-000000000004',
    'èŽ‰èŽ‰',
    'ðŸ‡¬ðŸ‡§ è‹±åœ‹å€«æ•¦',
    CURRENT_DATE + INTERVAL '21 days',
    'ä¸‹å€‹æœˆå›žå°ç£ï¼Œå¯ä»¥å¾žè‹±åœ‹å¸¶ç²¾å“ã€é¦™æ°´ç­‰',
    2,
    'active',
    NOW() - INTERVAL '3 hours'
  ),
  (
    'c0000000-0000-0000-0000-000000000005',
    'a0000000-0000-0000-0000-000000000001',
    'å°æ˜Ž',
    'ðŸ‡¯ðŸ‡µ æ—¥æœ¬å¤§é˜ª',
    CURRENT_DATE + INTERVAL '30 days',
    'ä¸‹å€‹æœˆè¦åŽ»å¤§é˜ªï¼Œå¯ä»¥å¹«å¿™å¸¶è—¥å¦å’Œé›¶é£Ÿ',
    6,
    'active',
    NOW() - INTERVAL '10 hours'
  );

-- æ’å…¥ä¸€äº›æ¸¬è©¦è¨‚å–®ï¼ˆå·²å®Œæˆï¼‰
INSERT INTO orders (wish_id, shopper_id, buyer_id, price, status, completed_at) VALUES
  (
    'b0000000-0000-0000-0000-000000000001',
    'a0000000-0000-0000-0000-000000000001',
    'a0000000-0000-0000-0000-000000000005',
    850,
    'completed',
    NOW() - INTERVAL '10 days'
  );

-- æ’å…¥æ¸¬è©¦è©•åƒ¹
INSERT INTO reviews (order_id, reviewer_id, target_id, rating, comment) VALUES
  (
    (SELECT id FROM orders LIMIT 1),
    'a0000000-0000-0000-0000-000000000005',
    'a0000000-0000-0000-0000-000000000001',
    5,
    'æœå‹™å¾ˆå¥½ï¼æ±è¥¿å®Œæ•´ï¼ŒåŒ…è£ä»”ç´°ï¼Œä¸‹æ¬¡é‚„æœƒå†è«‹ä»–å¹«å¿™ï¼'
  );

-- ========================================
-- å®Œæˆï¼
-- ========================================
-- è¨­ç½®å®Œæˆï¼ç¾åœ¨ä½ å¯ä»¥ï¼š
-- 1. é—œé–‰æ­¤ SQL Editor
-- 2. å›žåˆ°ä½ çš„ç¶²ç«™ http://localhost:3000
-- 3. åˆ·æ–°é é¢
-- 4. ä½ æ‡‰è©²æœƒçœ‹åˆ° 6 å€‹è¨±é¡˜å–®å’Œ 5 å€‹è¡Œç¨‹ï¼
-- ========================================

SELECT 'âœ… è³‡æ–™åº«è¨­ç½®å®Œæˆï¼' as status,
       (SELECT COUNT(*) FROM profiles) as profiles_count,
       (SELECT COUNT(*) FROM wish_requests) as wishes_count,
       (SELECT COUNT(*) FROM trips) as trips_count;
